{"v":5,"entries":{"configure-your-project--docs":{"id":"configure-your-project--docs","title":"Configure your project","name":"Docs","importPath":"./src/stories/Configure.mdx","storiesImports":[],"type":"docs","tags":["dev","test","unattached-mdx"]},"components-button--docs":{"id":"components-button--docs","title":"Components/Button","name":"Docs","importPath":"./src/components/button/button.stories.tsx","type":"docs","tags":["dev","test","autodocs"],"storiesImports":[]},"components-button--default":{"type":"story","id":"components-button--default","name":"Default","title":"Components/Button","importPath":"./src/components/button/button.stories.tsx","componentPath":"./src/components/button","tags":["dev","test","autodocs"]},"components-button--secondary":{"type":"story","id":"components-button--secondary","name":"Secondary","title":"Components/Button","importPath":"./src/components/button/button.stories.tsx","componentPath":"./src/components/button","tags":["dev","test","autodocs"]},"components-button--outline":{"type":"story","id":"components-button--outline","name":"Outline","title":"Components/Button","importPath":"./src/components/button/button.stories.tsx","componentPath":"./src/components/button","tags":["dev","test","autodocs"]},"components-button--large":{"type":"story","id":"components-button--large","name":"Large","title":"Components/Button","importPath":"./src/components/button/button.stories.tsx","componentPath":"./src/components/button","tags":["dev","test","autodocs"]},"components-button--small":{"type":"story","id":"components-button--small","name":"Small","title":"Components/Button","importPath":"./src/components/button/button.stories.tsx","componentPath":"./src/components/button","tags":["dev","test","autodocs"]},"components-card--docs":{"id":"components-card--docs","title":"Components/Card","name":"Docs","importPath":"./src/components/card/card.stories.tsx","type":"docs","tags":["dev","test","autodocs"],"storiesImports":[]},"components-card--default":{"type":"story","id":"components-card--default","name":"Default","title":"Components/Card","importPath":"./src/components/card/card.stories.tsx","componentPath":"./src/components/card/card.tsx","tags":["dev","test","autodocs"]},"components-card--padded":{"type":"story","id":"components-card--padded","name":"Padded","title":"Components/Card","importPath":"./src/components/card/card.stories.tsx","componentPath":"./src/components/card/card.tsx","tags":["dev","test","autodocs"]},"components-modal--docs":{"id":"components-modal--docs","title":"Components/Modal","name":"Docs","importPath":"./src/components/modal/modal.stories.tsx","type":"docs","tags":["dev","test","autodocs"],"storiesImports":[]},"components-modal--default":{"type":"story","id":"components-modal--default","name":"Default","title":"Components/Modal","importPath":"./src/components/modal/modal.stories.tsx","componentPath":"./src/components/modal/modal.tsx","tags":["dev","test","autodocs"]},"components-typography--docs":{"id":"components-typography--docs","title":"Components/Typography","name":"Docs","importPath":"./src/components/typography/typography.stories.tsx","type":"docs","tags":["dev","test","autodocs"],"storiesImports":[]},"components-typography--heading-1":{"type":"story","id":"components-typography--heading-1","name":"Heading 1","title":"Components/Typography","importPath":"./src/components/typography/typography.stories.tsx","componentPath":"./src/components/typography/typography.tsx","tags":["dev","test","autodocs"]},"components-typography--paragraph":{"type":"story","id":"components-typography--paragraph","name":"Paragraph","title":"Components/Typography","importPath":"./src/components/typography/typography.stories.tsx","componentPath":"./src/components/typography/typography.tsx","tags":["dev","test","autodocs"]},"example-button--docs":{"id":"example-button--docs","title":"Example/Button","name":"Docs","importPath":"./src/stories/Button.stories.ts","type":"docs","tags":["dev","test","autodocs"],"storiesImports":[]},"example-button--primary":{"type":"story","id":"example-button--primary","name":"Primary","title":"Example/Button","importPath":"./src/stories/Button.stories.ts","componentPath":"./src/stories/Button.tsx","tags":["dev","test","autodocs"]},"example-button--secondary":{"type":"story","id":"example-button--secondary","name":"Secondary","title":"Example/Button","importPath":"./src/stories/Button.stories.ts","componentPath":"./src/stories/Button.tsx","tags":["dev","test","autodocs"]},"example-button--large":{"type":"story","id":"example-button--large","name":"Large","title":"Example/Button","importPath":"./src/stories/Button.stories.ts","componentPath":"./src/stories/Button.tsx","tags":["dev","test","autodocs"]},"example-button--small":{"type":"story","id":"example-button--small","name":"Small","title":"Example/Button","importPath":"./src/stories/Button.stories.ts","componentPath":"./src/stories/Button.tsx","tags":["dev","test","autodocs"]},"example-header--docs":{"id":"example-header--docs","title":"Example/Header","name":"Docs","importPath":"./src/stories/Header.stories.ts","type":"docs","tags":["dev","test","autodocs"],"storiesImports":[]},"example-header--logged-in":{"type":"story","id":"example-header--logged-in","name":"Logged In","title":"Example/Header","importPath":"./src/stories/Header.stories.ts","componentPath":"./src/stories/Header.tsx","tags":["dev","test","autodocs"]},"example-header--logged-out":{"type":"story","id":"example-header--logged-out","name":"Logged Out","title":"Example/Header","importPath":"./src/stories/Header.stories.ts","componentPath":"./src/stories/Header.tsx","tags":["dev","test","autodocs"]},"example-page--logged-out":{"type":"story","id":"example-page--logged-out","name":"Logged Out","title":"Example/Page","importPath":"./src/stories/Page.stories.ts","componentPath":"./src/stories/Page.tsx","tags":["dev","test"]},"example-page--logged-in":{"type":"story","id":"example-page--logged-in","name":"Logged In","title":"Example/Page","importPath":"./src/stories/Page.stories.ts","componentPath":"./src/stories/Page.tsx","tags":["dev","test","play-fn"]}}}